id,rating,title
0,5,Milo Wins!
1,3,a gal in EECS here to vent about men
2,5,Now which one of you was responsible for this earlier
3,6,Nick's Covid Advice for CS161: Prepare to go to ground now
4,7,"Rest in peace, Courtney."
5,6,Saw Christopher Nolan on campus today possibly scouting for his new film Oppenheimer.
6,6,I had some free time last night so I made a drawing of the city from the pov of Rockridge Bart Station. What do you think?
7,2,huge f you to the people at my high school
8,7,"As a graduating senior, I decided to hike the big C tonight for the first time before leaving. It was beautiful through the rain and sun, a bittersweet ending to my undergrad here. Thanks Berkeley, it‚Äôs been real."
9,6,"MLK speaks in front of Sproul Hall (1967). Friendly reminder that Black Lives Matter, bears."
10,4,I‚Äôve peaked in life
11,3,Updoots for Cheeto the Physics Cat!
12,4,Serious rant from an incoming international student at cal
13,3,CAL BEARS BEAT STANFORD TO WIN THE BIG GAME 24-20
14,3,IT‚ÄôS OFFICIAL!!!
15,3,CAL WINS 124TH BIG GAME 41-11
16,5,Finding your classroom in Dwinelle on the first day of class
17,3,The lofi hip hop radio - beats to relax/study to girl attending Berkeley
18,4,Me desperately trying to study tonight after spending all dead week doing absolutely nothing
19,4,Every single time
20,2,when ppl ask me which UC i go to
21,6,Collin Morikawa wins the PGA championship!
22,3,ok now that‚Äôs just silly
23,6,Berkeley‚Äôs Jennifer Doudna wins Nobel in Chemistry for CRISPR!
24,3,Don‚Äôt forget that you‚Äôre not alone :) and go bears!!
25,3,Dead week had me like‚Ä¶
26,6,Dr. Fauci will speak at the Berkeley Forum on August 27th!
27,5,I saw it coming from a mile away!
28,6,Why I Think Fall will be On-Line Only (Nick Weaver)
29,3,BREAKING: L&S HAS P/NP!!!
30,5,"In awe of Blockeley: commencement will include Mojang staff, the co-founder of Twitch, Lil B, the CEO of Razer, and dozens of EDM artists. Go bears!"
31,4,"Photographer: ""Alright, just lean over a bit"""
32,1,üåöüåöüåö
33,6,Stand together.
34,3,best feeling ever
35,3,y‚Äôall ready for this?
36,3,Me knowing I have like 3 deadlines tonight but just wanna enjoy life
37,2,GO FREAKING BEARS
38,5,BREAKING: All major news networks call presidential race for Oski following historic 50-state sweep. He will be coming to Sproul to make a speech in a few moments.
39,6,"Prof. Doudna to Wall Street Journal: ""After 18 years, I can park on campus. I'm really delighted about that"""
40,4,When you realize you didn‚Äôt need winter clothes because you‚Äôre in California
41,5,I built the Campanile out of legos!
42,6,I saw something tonight that really bothered me and I need to get it off my chest.
43,2,is this u?
44,2,whoooooo are you?
45,2,Fuck Robinhood
46,3,"Took a walk by the Campanile, 5pm"
47,6,This sub has to stop downvoting people for asking innocent questions
48,6,There's a famous sex-trafficking cult leader at Berkeley
49,1,omg
50,7,Intersections of Berkeley
51,4,Lowest Score in CS 170
52,2,it‚Äôs not thaaaat bad
53,4,The current state of this subreddit
54,6,Things are really hard for current bears. Who needs a Costco trip.
55,5,Fall 2020 is gonna be like all previous semesters combined
56,4,Dear girl I saw across campus today
57,3,The Golden Gate‚Äôs third tower :)
58,5,Forbes Top College Rankings for 2021 has Cal as the #1 university in the US
59,6,Just give us all accommodations.
60,4,We're all feeling it - A Professor's Honesty
61,5,It‚Äôs gonna be a long day(s)
62,3,Painting of the view from foothill ‚ú®
63,3,Meanwhile at UCSD
64,4,Last night's sunset
65,3,"UCB Warn Me, Season 1"
66,5,Nick Weaver's plans in case of a lecturer strike.
67,6,It‚Äôs that time of the semester again
68,2,Zoom uni vibes
69,4,Berkeley Haas‚Äî A premier business school
70,4,PSA to all students moving in Fall!
71,4,7/6 F1 Visa directive dead
72,3,Checkmate
73,3,literally the slowest website
74,2,Strong doge is here to teach you bears the mf basics
75,3,"Damn, looks like we placed in 2nd again :("
76,2,It's true üò≠üò≠
77,3,"Course Websites, Slack, Discord, Piazza, Ed, Zoom, Gradescope, Bcourses"
78,5,Sometimes it seems like all the work just falls on one week...
79,3,Berkeley sunsets feeling like Mordor yesterday
80,4,The absolute joke that is this year's University Medal
81,4,As a GSI grading final projects this semester...
82,6,I‚Äôm glad the landlords of Berkeley are having a hard time
83,4,Painting of Evans 9th floor bathroom
84,5,I miss Berkeley. Unit 2 Ehrman view
85,4,Obi found!!!
86,6,Berkeley is the 4th best US city at solving Wordle
87,2,CONGRATS BABY GOLDEN BEARS üíõüíô
88,3,STOP THE COUNT!
89,2,Penis Size: An Official Ranking of the UC Schools
90,6,Ruth Bader Ginsburg is on campus
91,5,I made a cal bear!
92,2,uh... yes.
93,1,fr tho
94,6,I got into Stanford. I turned them down for Cal (and to lower their yield rate).
95,5,I threw myself an Animal Crossing graduation ceremony!
96,3,"To students partying, fuck you. - An International Student"
97,4,Shout-out to ME for pulling off exactly the grade I needed on the final to get the A- I wanted.
98,7,Semester in the Dark Cloud
99,2,No nut November?!
100,5,"TIL: The median salary for a Berkeley lecturer is a whopping $20K, and 66% of lecturers don't get health insurance."
101,6,"Just graduated, and came back to get the last of my things. Thank you, Berkeley, for letting me study at the school of my dreams :)"
102,3,two types of eecs majors
103,4,The Campanile and Doe Library in the style of Van Gogh
104,7,"I made a list of the 21 things you need to do and experience in Berkeley before you graduate, as well as my bucket list for the surrounding area--also good if you're looking for ways to spend spring break! Have I left anything out?"
105,3,"MRW I tell somebody I attended the University of California, and they ask which one"
106,7,War in Ukraine
107,7,"For those who continue to gather, some of us have nowhere else to go."
108,3,Let there B light ;)
109,2,*war flashbacks*
110,5,Just Another Uniquely Cal Meme
111,7,Big Game Week
112,6,"Kamala, Maya ('89), and Shyamala (MS, Phd '64) Harris at Milvia Street & Berkeley Way"
113,3,This is sad....
114,7,Where is the demand for our hundreds of consulting clubs?
115,2,"Well, well, well. How the turntables."
116,3,Time to bust this one out again I see
117,4,Kap was walking down Durant and telegraph yesterday and let me take a pic with him! Offered him a free pizza but he said he‚Äôs vegan now.
118,3,Stanford > Berkeley
119,3,Procrastinating with lectures so I built Unit 3
120,1,Fuck
121,5,Hot take: UC Berkeley best ~aesthetically beautiful~ campus in the United States? From the city to the hills I really think our campus is one of the best in the country. Even better than UCLA. Thoughts?
122,5,"PSA: Saying ""I'm going to watch this lecture recording later"" is probably the worst lie you'll tell yourself"
123,6,"I miss you, Berkeley"
124,3,Just b/c you've been accepted to Cal doesn't mean you've been accepted to /r/Berkeley
125,4,A tale as old as time
126,5,UC Berkeley Student Missing (please assist a fellow bear)
127,3,"Chancellor Christ Dodging PNP Requests in r/berkeley AMA (circa 2020, colorized)"
128,3,"just committed to cal and my sweater hasn't arrived yet, so I made it in animal crossing!"
129,5,Originally Published in February 1997
130,5,Berkeley Professor Reinhard Genzel wins 2020 Nobel Prize in Physics!
131,5,View of Berkeley from Albany Hill at 8am
132,3,"So, so fucking proud of Berkeley for actually standing for Black lives matter."
133,3,A comic I made a while ago about loneliness at Berkeley
134,3,"The Bears have won! Oh, my God! The most amazing, sensational, dramatic, heart-rending..."
135,5,Both my parents died this semester and I can‚Äôt do this anymore
136,4,The front page of r/Berkeley looks like this and yet admins still don't seem to understand why we are begging for grading policy changes
137,7,"""If you work hard and you get good grades, maybe you can go there."""
138,6,"Warning: Square One Management is owned by the nephew of Raj the human trafficker, Everest Properties is planning on changing its name"
139,4,"3 weekends, 3 parties, 3 calls to the cops... All at one (1) apartment on College Ave"
140,7,"May 20, 1969‚Äì Per Governor Ronald Reagan's orders, the National Guard dumps tear gas over Sproul Plaza from helicopters in one of the largest tear gas deployments in the country at the time. Strong winds that day dispersed the gas across the entire city, sending children miles away to hospitals."
141,2,THIS IS WHY WE CANT HAVE NICE THINGS GODDAMNIT
142,1,dID I sTuTteR
143,5,"At berkeley, I felt like people were constantly shoving CS rhetoric down my throat"
144,4,A difficult choice
145,5,Stop being rude in Zoom chat
146,5,Missing this view from campus!
147,6,Where do we put all the students??
148,2,####1!!!!!!!
149,3,#1 CS School right here
150,6,"Hey everyone, I‚Äôve lost Alfred :(. He is a massive, very friendly orange and white Maine Coon. Any information would be greatly appreciated."
151,4,#1 Public University... Go Bears and stay safe!
152,4,Accepted into PhD program at UCB!
153,3,New Record!
154,3,Go Bears
155,3,Found this gem on Ratemyprof
156,3,"Rev up those fryers, Bears!"
157,5,Applied and got waitlisted...now I'm bored staying inside so I made this.
158,4,Bears on a foggy morning
159,4,From overheard: Duke students get exposed by their CS prof and get roasted on Piazza... Go Bears?
160,4,Side-by-side comparison of UC Berkeley with UC Blockeley (Minecraft version)
161,5,There are two types of people at Berkeley
162,2,Who would‚Äôve thunk üòî
163,7,"With two new apartment buildings opening this fall, UCLA will become the first and only University of California campus to guarantee housing for four years to first-year students and two years for transfer students."
164,2,It's true üò≠üò≠
165,7,"I have merit, so meritocracy is when I get rewarded. The more I get rewarded, the more meritocratic something is."
166,6,"Covid in dorms, stop partying."
167,3,It‚Äôs true
168,4,"Love seeing posts like these! So proud of all of you for graduating Berkeley amid this pandemic! Signed, an old bear ('89) :)"
169,3,Plot Twist: It‚Äôs Berkeley
170,3,Carol we need this
171,3,I Haven't Seen the Sun in Awhile
172,6,"Sunday Walks to 7-Eleven, the first of a series of drawings I‚Äôm doing based on my experiences walking around a Southside. What do you think?"
173,3,crying happy tears
174,4,Professor Hug saving lives
175,2,Word
176,4,Berkeley through the years
177,4,Beautiful blossoming on campus
178,7,I am UC Berkeley Chancellor Carol Christ. Ask me anything!
179,6,My only perception of time in quarantine is when DuoMobile makes me do my monthly authentication
180,5,Coward: Blowing the Whistle on the UC Berkeley Mathematics Department
181,4,I painted an early autumn version of the Hearst Rings--the photo I took distorted the painting a little but it turned out alright!
182,3,Colleges at Berkeley: Battle Royale
183,3,"Ah yes, the truth behind CS majors has been revealed"
184,3,Let the memes begin
185,3,Choose your fighter
186,3,Why is Denero so naughty?
187,6,"I still can‚Äôt get over this feeling when I first saw this. Cal was one of top choices and I would‚Äôve never imagined I would not only be a top applicant, but considered for regents. I‚Äôm so grateful and proud of myself. I‚Äôll be the first in my immediate family to attend college!!"
188,2,plz come back
189,2,WOWWW berkeley ranked #1 public school by us news and qs world :)
190,4,Threw away all my drugs last night and feel great
191,7,Why is this playing in front of Downtown Berkeley Bart at 1:30am?
192,6,"In honor of all the upcoming Zoom meetings, we are about to endure, I present this meme."
193,3,I would kill to see this view again :(
194,3,Spring has sprung!
195,5,I miss taking pictures of lectures that I don‚Äôt understand nor ever plan on understanding
196,5,I illustrated a map of Berkeley's downtown and surrounding neighborhoods. I got some landmark suggestions from this sub so I thought I'd share back :)
197,4,I painted Hokusai's Great Wave featuring the Campanile and peregrines (the chicks are about to hatch omg)! I also created some prints of this + my Hearst Mining painting if anyone is looking for a way to remember Berkeley after graduation (or before starting school?)-- see my comment!
198,5,I hate gaming laptops.
199,4,Finally got my first legit PAID internship
200,3,Love you UC Berkeley
201,3,Class of 2020 graduation pics be like.... GO BEARS!!
202,6,Main Stacks (2018)
203,4,I put the Berkeley lo-fi hip hop girl art on a coffee mug!
204,4,Ordinary night view
205,5,"Berkeley students, amid the 1918 flu pandemic, getting haircuts outdoors to avoid crowded spaces"
206,3,"[2 year update] Didn't declare CS, really fucking scared about my future"
207,4,Plan for new Nobel parking lot at Berkeley
208,3,Last year in a nutshell
209,3,trust issues
210,6,"Renting in Berkeley? If you‚Äôre renting from Raj Properties, Everest Properties, or Reddy Realty, you‚Äôre paying rent to a former sex trafficking ring."
211,3,From the front page of /r/stanford today...
212,4,Update: I‚Äôm getting coffee with the GSI I‚Äôve been crushing on all semester
213,3,bet this post is not loading
214,5,I am not ready for Wednesday
215,2,uc berkelean
216,7,Campanile at UC Berkeley
217,2,"The CEO of Robinhood went to Stanford and UCLA, no wonder he is a bitch"
218,2,I always love seeing Berkeley in my feed üò¥üê±
219,3,Please chill on Zoom chats plz
220,5,Shrine to George Floyd and Breonna Taylor on Kroeber Fountain
221,2,Take a frikin shower you animals
222,4,my dog just died in the middle of finals week
223,3,Congrats to all the new admits! üêª
224,3,here we go again
225,6,This semester is perhaps among the hardest in recent memory. That doesn't make it alright to treat course staff like garbage.
226,2,an offer of admission AND an incredible subreddit!??
227,4,Got attacked on Bart
228,4,RIP to all our friends and family we've lost to Corona Virus
229,6,Worried I'm not challenging myself enough for Freshman year. Should I add some Friday classes?
230,3,waking up to realize you have class today
231,5,"Telegraph & Bancroft (looking south from Sproul Plaza), circa 1960 - today"
232,4,Berkeley tonight
233,2,Lmao why are they so obsessed with us
234,5,"I painted 36 postcards this week! I'll wait for a day with better light to upload all of them, but in the meantime here are some of my favorites. Landscapes and buildings have always been challenging for me so I'm really proud of the campus scenes--do you recognize them?"
235,7,Steph Curry at the Cal Women‚Äôs Basketball Game Tonight
236,2,HELP fellow üêª
237,3,Nick‚Äôs Personal Guide to making the semester suck a bit less
238,3,Top 10 Anime Betrayals
239,3,"If this isn‚Äôt Cal, idk what is"
240,5,Nov. 1968‚Äì Berkeley students march down University Ave. to the Berkeley Marina for an anti-Vietnam War protest
241,4,"We made it to the frontpage of Fox News! -- ""Berkeley students planning fraudulent course to circumvent ICE rules, avoid deportations"""
242,5,I painted a Van Gogh styled Campanile (details in comments)
243,3,Online learning be like
244,3,"Just saw this on my social media, found it's funny that the guy who post this is from another school, he just grabbed a random pic online and it's Cal"
245,3,Berkeley Zoom background with added Godzilla + Mechagodzilla
246,2,u/Goldenbear2023 is out here dropping truth bombs on trees üí£üå≤üëÄ
247,4,EE16B P/NP OPTION!!! Potentially dropped as a requirement in the future.
248,5,Collin Morikawa has won his 2nd Major Championship at the British Open! Go Bears!
249,5,Berkeley made it into an anime released today! (The Irregular at Magic High School)
250,3,Maybe unpopular opinion: this sub is depressing and wack. Berkeley is fun as hell and work life balance exists here
251,4,Doe Library at 4am
252,3,Berkeley alter egos alignment chart
253,3,how unfortunate.
254,3,Cal alum jaylen brown saying what we've all been thinking over the last 24
255,5,If you want to counter the International Student Ban...
256,4,Sounds like Carol
257,5,Bear with me.
258,3,Doe.
259,6,this year has given me a new perspective on chronic absenteeism
260,5,Thankful for the STEP Program - just received my loaner laptop today!
261,4,To the people that posted Math 110 final questions on Chegg:
262,3,Nice.
263,5,Moses Hall Courtyard. A favorite and calm spot!
264,4,Yet another photo of UC Berkeley before the pandemic
265,5,Cal BSU‚Äòs march brought thousands! Black Lives Matter!
266,4,Major shoutout to the people who made Berkeley in Minecraft
267,3,No confetti when turning things in on bCourses
268,4,It finally happened‚Äîthe stress of Berkeley sent me to the hospital!
269,3,Berkeley CS Students when they are able to enroll in a Single Class in their Major field of Study
270,2,not during daylight ripppp
271,3,school hard
272,3,housemate is sleeping for better grades
273,5,Nick Weaver leaving Cal for the foreseeable future.
274,6,"Took this in spring when quarantine first started. It felt like things really sucked back then too, but I also remember being hopeful. Someday it will rain again."
275,4,The most Berkeley thing ever
276,4,Let me just put on my park anywhere button
277,7,"Ms. Jules Means, Sociology '20, graduates at 67 with plans for an MSW. ""It‚Äôs never too late to achieve your aspirations in life."""
278,5,It's that time of year!
279,5,PGE update.
280,3,update: confessing to my crush after finals
281,3,end of semester gift for my favorite GSI
282,5,"UC Berkeley tops U.S. public, fourth-best overall in QS World rankings"
283,5,"[Football]Breaking the 14 year losing streak, your California Golden Bears have defeated the USC Trojans 15-14. Go Bears!"
284,3,It's gonna be ok
285,2,"First the frats party at the Campanile, then this. Fuck SAE"
286,4,What's Up with EECS?
287,4,Summer Internship
288,5,"Mystery Machine, the second in a series of drawing inspired by my walks around Southside. Do you guys recognize this van? It‚Äôs usually orange but I thought it would be so fitting if the gang from Scooby Doo retired in Berkeley. Anyways what do you think?"
289,5,Professor Bob Powell has passed away
290,3,CAL BEATS USC 24-14
291,3,Master Post for Making Berkeley More Bearable from Incoming Seniors [very comprehensive]
292,2,Wow
293,6,Do you miss Berkeley? Do you miss Berkeley even though you literally live on campus? Do you miss Berkeley even though you've never set foot on campus? I'll paint you a Cal-themed postcard and send it to you! details in comments
294,5,"Steve Wozniak, a transfer from De Anza College, graduating from Berkeley (1987)"
295,3,where are my airpods Carol?
296,4,For any Percy Jackson fans out here: Annabeth Chase goes to UC Berkeley :)
297,3,you know that feeling
298,3,cs61c almost has me at my breaking point
299,4,"$50,000 reward offered to help solve murder of UC Berkeley student & Tribute Page for Seth Smith"
300,2,w h y a r e y o u p a r t y i n g
301,5,"So we‚Äôre posting campus, aren‚Äôt we? here‚Äôs the sunset yesterday!"
302,2,Is joke relax
303,6,Sometimes I forget how many of my professors are actual Nobel laureates and/or at the forefront of their fields
304,6,"Remembering Seth Smith, 19, a Cal student who was killed in Berkeley on June 15"
305,3,sad truth
306,6,I wish i had their good taste and money.
307,7,Who would drive this?
308,2,berkeley‚Äôs blossoms are so stunning ü•∫ü•∫ can‚Äôt wait to experience this every spring for the next four!
309,5,When most of your professors say its unlikely for us to return to in person after Jan 31st
310,5,Go Bears!
311,5,Done with the first eleven requests--will be reaching out to the people for whom they're intended later today. Posting the other six of these later today since r/berkeley doesn't allow galleries (I think?)
312,2,happy last day of classes ü§ó
313,3,Bancroft 4 in the morning
314,4,My contribution to all the great Berkeley pictures. A sunset from the fire trails.
315,5,"UC study finds SAT is important piece of college admissions, helps minority students"
316,5,Oski back on campus today!
317,4,Going into triple overtime sudden death; send good vibes this way for women‚Äôs water polo
318,4,"Turns out, campus really did reach zero waste in 2020..."
319,3,oh well
320,2,"Just had my first mental breakdown of the semester! Can‚Äôt stop crying, I‚Äôm loving this semester ü•∞ü•∞‚úåüèªI‚Äôm honestly so in awe of professors throwing so much work at us during these times, like help out a little??? There‚Äôs a literal PANDEMIC?? Everyone‚Äôs depressed??"
321,3,PSA to prefrosh: Don't use this subreddit to gauge the vibes at Berkeley
322,5,The view from the steps of the campanile is as beautiful as ever
323,2,Mugged outside Wheeler in broad daylight (*Caution*: NSFW)
324,7,Steps at Clark Kerr
325,4,When the consulting club tells you they ‚Äústrongly encourage you to apply again next semester‚Äù
326,2,Overseen at r/UCSD üòÖ
327,2,Cal football losing most of the previous games and then winning the big one is my motivation that even if you fuck up your midterms you can have a hella comeback in finals
328,4,about to start a 15 page research paper due Monday
329,2,Help me I am an idiot
330,2,Midterm season ü•≤
331,3,Evidence of a Cal prank on the Stanford campus. My dog enjoyed splashing in the BLUE water!
332,5,I prefer maximalism
333,2,Yikes
334,5,"Everyone's thinking it, I'm just saying it..."
335,4,MFW I had a dream I was having a picnic on the glade but then woke up in my parents' house to a global pandemic and looming economic recession
336,4,very proud of the cal community for coming together to challenge ICE!
337,6,Anonymity is top priority
338,2,graduating tomorrow from high school‚Ä¶go bears üêª
339,7,Unique Extra Credit Opportunity
340,7,Today is the 32nd anniversary of the Tiananmen Square Massacre
341,7,UC Berkeley will build a 12-story student housing complex at People's Park
342,5,"UC Berkeley is getting a big gift: A $300M, 772-bed student dorm!"
343,7,They did it.
344,2,@ berkeley people living on campus
345,2,mediocre cs70 meme
346,5,Chloe from We Bare Bears goes to Cal!
347,7,UC Berkeley CRISPR Pioneer‚Äôs Lab Begins Processing up to 3000 Covid-19 Tests Per 24 Hours
348,7,America's Top College
349,3,"""Tell me you go to school in California without telling me you go to school in California"""
350,6,Bear Territory
351,6,Types of Berkeley Story by @ericpanzer
352,7,"UC Berkeley may be forced by court to cut 3,000 freshman seats to halt growth"
353,3,nobody wants to hear this but‚Ä¶
354,4,Someone saying what we all been thinking
355,5,Friend got sexually assaulted by homeless man
356,5,Super cute Sproul date! (Repost from Overheard at UC Berkeley)
357,5,Fall first week is in-person now!
358,7,"Streetcar outside North Gate, 1947 (colorized)"
359,3,61C this semester be like
360,4,RE: GoldenBear2023's PSA
361,4,Sounds familiar
362,4,I made a chrome extension that autofills job apps for you
363,6,This belongs here.
364,2,I ain't never seen two pretty midterm scores
365,4,give it back
366,2,"One year ago today ‚ù§. Despite the challenges of the past year, I'm proud to be a Golden Bear!!! üêª üíõ üíô"
367,5,Behind in a class? Here‚Äôs my strategy.
368,5,A gorgeous work of art from /u/tfoust10! A single unbroken line of gold ink.
369,3,I scored the minimum on a final exam...AMA
370,4,"Hello, Beautiful"
371,4,All Hail
372,5,Berkeley Streets Wallpaper
373,4,Two blocks from campus. Pretty crazy number of fires recently.
374,3,PSA: Remember to ask permission to go to the bathroom during class
375,5,Felt Some True Cal-Spirit with this Beautiful Lighting at Night on Campus
376,5,Sather Tower in iOS 15 Maps
377,7,Dr. Fauci: COVID-19 vaccines should allow California colleges to teach in-person next fall
378,6,Cal Day 2019
379,3,Thanks for the memories <3
380,3,Found this in my recycle bin
381,5,This sun is recharging me just in time for finals!
382,4,Uncommon Take: I didn‚Äôt take the 61A midterm
383,3,Midterms are killing me
384,5,"Another afternoon at Memorial Glade, Pre-Social Distancing"
385,7,University of California Will End Use of SAT and ACT in Admissions
386,4,Newsom's advisor
387,1,I JUST FINISHED UNDERGRAD I JUST FINISHED UNDERGRAD I JUST FINISHED UNDERGRAD I JUST FINISHED UNDERGRAD I JUST FINISHED UNDERGRAD I JUST FINISHED UNDERGRAD I JUST FINISHED UNDERGRAD I JUST FINISHED UNDERGRAD I JUST FINISHED UNDERGRAD I JUST FINISHED UNDERGRAD I JUST FINISHED UNDERGRAD
388,3,Campus was really pretty today ‚ò∫Ô∏è
389,3,I‚Äôm struggling
390,3,Right now
391,3,I‚Äôm not read for school tomorrow
392,4,PG&E has done more for student mental health than Berkeley
393,3,GO BEARS! Cal beats UCLA 28-18 to close out the regular season!
394,1,a big fuck off to everyone that camps out in the libraries. you‚Äôre not cute and it‚Äôs fucking inconsiderate.
395,7,A 19-year-old Cal student fatally shot in Berkeley
396,2,BERKELEY BOUND
397,4,Can someone wish me a happy birthday?
398,7,Breaking New Scientific Discovery at Berkeley
399,2,just committed!!!! so excited to be a baby bear üêªüíõüíô
400,2,Oski when he sees my dumbass walking around on campus
401,3,Drama in EE 120 - Who do you side with?
402,4,Everyone on here always talks about academics
403,4,From a recent grad...
404,5,I graduated!
405,2,still haven't found an apartment gang wya
406,5,Cal in Animal Crossing
407,4,"Yes, every Cal student ever has taken this picture, but my phone needed a new background!"
408,2,HELP me find my friend PLEASE!
409,2,PLEASE get your BOOSTERS over break
410,3,CAL BEATS OREGON STATE 39-25
411,3,When you low on the waitlist
412,2,Barkley (missing campus a lil extra today)
413,7,Over 20 Women Come Forward to Accuse UC Berkeley Student of Sexual Assault
414,6,"If Stanford and Berkeley got into a war, which college would win?"
415,5,Coronavirus in Berkeley because it couldn't get into Stanford
416,6,I hate you protesters.
417,5,P/NP Accepted At USC
418,3,"Not sure if anyone else has posted this, but I was walking through VLSB and saw this after my final üò≠"
419,7,Planned In-Person Instruction for Fall
420,7,1924 Recolored Picture of Doe and the old Botanical Garden
421,1,LAST WEEK OF FUCKING INSTRUCTION LETS GOOOOOO
422,2,AVOID THE UNDERGRADUATE BUSINESS GROUP
423,4,"From an immunocompromised student, to all of you that attended frat parties:"
424,3,Anybody else lowkey wish this semester was PNP?
425,6,Admissions audit finds UC improperly admitted dozens of wealthy students based on connections
426,3,Go bears!!!
427,3,It‚Äôs NY and y‚Äôall are still talking about grades please touch some grass
428,2,Can‚Äôt wait to breath this sexy AQI air through a mask outdoors today
429,2,"Did y'all know ""UC Berkeley"" is an anagram for ""I'm bout to fail fml"" ?"
430,4,Witnessed humanity at its darkest
431,3,Does anyone just feel very demotivated rn?
432,3,watch this to get 100% on the cs70 final today
433,7,"Jan 3, 1940‚Äì Prof. Ernest Lawrence is presented the Nobel Prize in Physics. Due to the start of WWII in 1939, the ceremony was conducted in Wheeler Hall, giving Wheeler Hall the dubious distinction of being one of the few places outside of Sweden where a Nobel Prize award ceremony was held."
434,3,Shoutout to the 3D Modeling/Printing DeCal I took last semester! Created a Campanile Keychain :)
435,2,[SHITPOST] Anybody else who feel this way?
436,4,Petition: Take away Oski‚Äôs disgusting human hands and give him paws like a real bear
437,2,UCLA Philosophy department YIKES‚Ä¶
438,2,RRR week me thought
439,6,"For the first time since their season was cancelled in 2020, the Golden Bears‚Äô Women‚Äôs Water Polo team welcomed spectators to their game yesterday! Fans were treated to an upset over ASU!!"
440,2,Omg i am now that cousin
441,2,Drew our Campanile! It‚Äôs a lil slanty but it was fun to draw! Hope you enjoy ‚à©^œâ^‚à©
442,4,"Shoutout to Chad and Brad, fall is now fully remote."
443,2,Last days of fall üçÇ
444,3,the big give
445,5,It's understandable if the semester has been tough. Just remember...
446,6,"Change.org and Instagram are not reputable news sources. If the story of the student raping women is picked up by a paper, the school, or the police, it will be allowed, just as all others have been in the past. Otherwise this subreddit *WILL* be banned by Reddit admins."
447,4,CogSci Prof Fired Due to Negative Course Evals
448,7,UC Ranking by Major
449,5,I'm better than this.
450,3,Stop Putting Innocent Students at Risk for Covid (Foothill Experience)
451,2,Gonna kill myself in front of the religious nut with the microphone on Sproul and radically alter the trajectory of his life.
452,5,Sometimes I forget how smart the average student in Berkeley is
453,5,Piece of advice that is saving me this semester
454,3,"Print update: I painted 9x12"" versions of some of the postcards (what you see here + some bears) & brought them to the print shop today! They'll be printed by next Friday, and I can ship immediately so they should arrive before Christmas (: I'll post a link to the listing as soon as I pick them up!"
455,3,"Dear God, please allow me to live on campus this fall."
456,4,I will Facetime/Zoom tutor you in CS
457,7,I am UC Berkeley Chancellor Carol Christ. Ask me anything!
458,3,"Not so prestigious after all, huh?"
459,5,Budgeting
460,4,Berkeley reference in Pixar‚Äôs new movie Soul!
461,4,What I Wish I Knew Academics part 1 - Practice Exams
462,5,Happy Fourth of July!!!
463,6,We need 24/7 libraries again.
464,5,A very green South Hall!
465,5,Please Do Not Glorify EECS
466,3,"12 years ago today, a brave man threw his shoes at George W. Bush, and in honor of that man‚Äôs bravery, today, I too will throw my shoes, at my final exams."
467,1,<3
468,4,Confirmed online-only classes
469,4,Clear skies after all that wind
470,4,Santa Cruz hills from Panoramic road Berkeley Hills.
471,5,The one and only!
472,5,Imagine: Life at Cal in Fall 2019
473,4,When you thought probability was just supposed to be flipping coins and rolling dice
474,3,"Was scrolling through my camera roll and found this, I forgot how serene & pretty campus can be. Pic taken in late Feb of this year before shit really hit the fan :‚Äô)"
475,2,I JUST COMMITTED TO BERKELEY
476,5,"Oh how I‚Äôve missed you, Berkeley!"
477,2,"Hey, I'm not complaining üòè"
478,7,"What is the argument or rationale behind ""Save People's Park""?"
479,7,"A silent moment on the UC Berkeley campus, basking in all its glory, under a pristine blue sky."
480,4,Berkeley's on the front page of r/architectureporn!
481,3,Global warming is not joke y‚Äôall
482,5,"Quietest library on campus, loudest chairs on earth"
483,3,A GREAT etiquette reminder for new students! (Freshman I'm looking at you)
484,3,Top graduating senior a tech whiz and gifted musician
485,4,Watching Godzilla Vs. Kong and this building looked a little familiar!
486,5,I feel great today!
487,3,"six golden bear postcards, all based on campus bear statues (can you tell which ones?)--I'll post the final six early this week, and hopefully soon after be able to share some prints of the Sather Gate painting!"
488,3,"biden passes trump in georgia, clearing the path to victory"
489,3,For all you crybabies complaining about zoom proctoring
490,6,"People in their first year should be required to take a class on impostor syndrome, mental health, and stress management"
491,5,Morning from the roof of Evans Hall
492,5,The Purge - Berkeley Edition
493,4,Dangerous/EECS
494,4,Dangerous/Homeless
495,5,Was scrolling through my camera when I came across this one. My last photo before leaving Berkeley.
496,5,"Unranked. I give up from this school, I really do."
497,6,"Seriously, why don't they take flex dollars?"
498,6,"Cal Black Student Union leading a protest on Saturday, June 6th"
499,4,By far the funniest sign at the protest
500,2,going to confess to my crush after finals
501,2,dirty buttcrack at naked run
502,3,‚Äúbrain like berkeley‚Äù - frank ocean
503,6,Berkeley 2019 CS graduate shot and critically wounded in the Mission
504,7,"When Sean Spicer paid us a visit last week, I made sure to sneak in a poster of Joseph Goebbels."
505,4,Anyone noticing how expensive food and things are??
506,2,supposed to be writing an essay rn but instead i‚Äôm just crying
507,2,Damn it Duo Mobile
508,4,Rant from a Freshman living in the dorms [RANT]
509,6,Thank you to all who abide by the social distancing guidelines
510,6,How to Succeed at Berkeley
511,4,BREAKING: major victory for STF supporters! Adobe/Microsoft software to be funded for the 2021-22 academic year :)
512,2,Too true :(
513,4,"I've finished the last requests, which makes for 100 total! this was a surprising quarantine project but it brought some meaning to a weird year. See my comment for a link to the entirety of the last batch--I made some extras, so if you want one comment below!"
514,3,Go gears!
515,4,I just wish for every girl could just get through school without being bothered by some creep...
516,5,Seen on ECON171: Professor working with students during a worldwide pandemic
517,2,Hmm
518,6,Berkeley neighborhood paths are very green this time of year
519,5,Unless you need the make up points for CS61A...
520,3,saw this on sproul today :)
521,2,4 emails about gunpoint robbery within 6 hours. Wtf.
522,5,Congratulations to myself!
523,6,"I want the semester to start already, but when it does, I will immediately want it to end."
524,4,semester transcripts now that CoE has announced its P/NP policy
525,5,What a great start to the semester!
526,5,UC Berkeley from the air!
527,5,"Happy end of the semester, bears!"
528,4,"Berkeley bread ‚Äî usually I visit Berkeley every summer, this year it came to me :)"
529,3,my hiatus is over
530,5,Cal defeats Illinois 35-20 in the Redbox Bowl! Golden Bears finish the season 8-5
531,7,Nick's Latest Covid Thoughts
532,4,Oh my god.
533,4,1:100 Scale Working Campanile!
534,3,"It‚Äôs just all fun and games, don‚Äôt take too serious lmao"
535,4,Though it's better than the actual scheduled Zoom sessions.. .
536,3,Paying $380 for new student programming but not attending the GBO zoom events :(
537,2,all hail daddy chris pine ('02)
538,3,North Reading Room during Fall '20 Midterm Szn
539,4,Berkeley according to Haas students
540,2,new semester new start üí™
541,3,"2 dudes tried to take mine and another girl‚Äôs laptop at Romeo‚Äôs...happened this morning. That‚Äôs me grappling him. We tackled him and he got arrested, not sure about the other guy though... lesson is: be aware of your surroundings, bad people exist."
542,7,EECS Funding Crisis: Why You Might Not Be Able to Graduate
543,4,"Neither is a good diet, which is why my blood is currently Boba"
544,3,"Guys We Did It, 69K Members"
545,3,P/NP Meme
546,4,Don't apply to the consulting clubs/CS orgs/business frats
547,6,Why aren‚Äôt many people (or the uni) talking about Seth Smith?
548,4,Zoom has turned me into a degenerate
549,5,Getting harassed by a CS GSI
550,3,Bernie w/ mittens knitted into a fence
551,5,Good luck on finals this week!
552,4,"Many of you liked my Campanile loaf, so here is the current Berkeley bread series! Extra points if you know where the Fiat Lux design is from :)"
553,1,üëãü§¶
554,5,The Balloons that Broke Doe
555,4,Most prestigious boba place in berkeley
556,5,Thoughts and prayers for the lady who had to scrub Sproul steps today
557,4,Accepted my offer of admission! Can't wait to start the fall semester! :)
558,4,"I really missed spirit week and the bonfire, but in our house we are ready for the Big Game!!"
559,7,The Campanile
560,4,Evans Hall to be demolished
561,3,PSA: Hire movers if you can/needed
562,4,Me after failing the first EE16A midterm
563,5,CS Professor speaks out against new declaration policy
564,3,"I should be working on my lab, forgive me Weaver"
565,6,"Fall 2021: Classes with 200+ students will be remote & discussion sections, labs, other classes will be offered in-person"
566,3,Shoutout to the student who posted the questions on Chegg and is now making the entire class RETAKE the final
567,5,Chancellor News about Admissions. Incoming Freshman/transfer class will be cut by 1/3 in fall 2022.
568,3,I am running to become ASUC Senator running on a platform of installing bidets in all toilets in UC Berkeley. AMA.
569,7,Would you support the recall of ASUC senator Gabbi Sharp?
570,3,UHS is a scam :/
571,7,Nick Weaver's COVID Planning Update
572,5,What I'm looking forward to...
573,6,The sky is not falling.
574,3,UPDATE: Got my frisbee back s/o Dean Jacobsen
575,4,Bears Stand Up
576,3,Berkeley pretty pretty
577,2,I‚Ä¶ I somehow got a 5.0 this semester üò≠üò≠üò≠
578,7,Spring is here‚Äîtake an alumnus‚Äôs advice and go for a walk this week.
579,4,Two high school teachers who have never been to Berkeley looking for a dog friendly tour of campus from a current student. anyone want to hang with us and our corgi?
580,6,Etcheverry Hall
581,5,Having a walk on campus after 7 months
582,3,Found a cool new art installation on campus :)
583,7,"CSU East Bay, Satellite Campus"
584,2,just super excited about this school :]
585,1,"IF YOUR BADGE IS RED, STAY THE FUCK AWAY"
586,4,The Career Center is giving away 2 Cal Students!
587,4,Berkeley shout out in Rick and Morty Season 4 Premiere
588,5,I‚Äôm tired
589,5,I think my professor paid for my access to OWL and I might cry
590,6,Grief Vent
591,5,View from Berkeley Lab today (same view from last week in comments)
592,7,"Staff at the Berkeley Lab sit atop the center of the cyclotron in 1938. Among them are 3 Nobel Laureates (including Ernest Lawrence) and J. Robert Oppenheimer, ""father of the atomic bomb."""
593,6,Berkeley on Wheel of Fortune
594,5,"Berkeley, you‚Äôre beautiful"
595,5,Looking particularly dapper this morning. Bonus: I got a grad in the bottom right!
596,1,"Banned from Berkeley Bowl... 1 year ban dispute letter, is it too horni?"
597,4,All of us right now.
598,3,I sleep.
599,4,Procrastinated till Sunday night to do work and got stressed
600,3,"the last six postcard requests for now, will take some more after finals! lmk if you think I should make a larger version/prints of any of these--the campanile ones were pretty fun to paint, and I could definitely do some with more detail and cleaner lines"
601,6,This is just embarrassing.
602,2,Anyone else feel like a piece of shit wasting their own/parents' money??
603,5,You know what I can‚Äôt wait for?
604,6,Cal Upsets Oregon 21-17
605,7,UC Berkeley must withhold thousands of acceptance letters after state Supreme Court ruling
606,3,The fact that some students who continue to go to frats in a pandemic are also PREMED.
607,4,Forgive me
608,4,Thoughts on the absolute silence on the Gabbie sharp situation
609,4,Imagine unironically caring about rankings
610,3,Imagine going to UCLA...
611,7,"Congratulations and welcome to Berkeley, new admits! Have a simple question about classes, housing, etc that needs answering? Ask here!"
612,7,Sather Gate on a Busy Day (1914)
613,3,UC Berkeley revokes recognition of 3 fraternities due to hazing activities-does anyone have the juicy deets?
614,5,"Just received my acceptance letter to Berkeley, 2025"
615,4,Sick of looking at a computer all day
616,7,UC Berkeley #1 public school and #13 overall in new Forbes rankings
617,3,Resources for Newly Admitted Black Transfers ü•≥
618,7,Campus from the Fire Trails
619,2,"Please help me out, I need 25 upvotes to make this kid do the naked run"
620,4,"Took the liberty of taking out three quarters, since we don‚Äôt seem to use them anyways"
621,1,:(
622,4,Thought you guys might like this one
623,5,I got a B on my first ever college essay!
624,3,Imagine if they had actually followed through üò≥üò≥üò≥
625,5,Opinion: Your ranting is hurting people. Stop the toxic self-deprecation
626,3,My two moods when I see Kiwibots.
627,5,Missed out on graduation and pictures so I had this piece commissioned. Go bears!
628,2,is anyone else already falling behind lol
629,3,Some guy is training the squirrels on campus
630,3,"They‚Äôre going to show up sooner or later, here‚Äôs the plan:"
631,7,The guy at the center of the NIMBY enrollment lawsuit spends half his time at his second house in New Zealand.
632,5,"""Go Bears"" -Aaron Rodgers (Jeopardy 4/5/21)"
633,7,UC Berkeley will begin spring semester with mostly remote instruction
634,4,CS70
635,4,Maybe I should schedule my Covid test for the farthest away location so I can get some exercise on the way there
636,3,"stop talking down to freshmen asking questions, it‚Äôs unhelpful and condescending"
637,3,Janet Yellen will likely be Biden's Secretary of the Treasury!! Go Bearrrs!
638,3,Can some of y'all stop abusing the chat?
639,3,Future Boar
640,1,:)
641,5,Excessive Zoom proctoring shouldn't be allowed
642,5,Captured at the view from Big C
643,5,All these students trying to get masks. Close School chancellor!!
644,2,Am I just high or is Cal such a fuckin dope school
645,5,Passing Sather Gate as a DSP Student
646,3,Freshmen intending CS here. How‚Äôs this schedule? I‚Äôm trying to keep spring light so im not too stressed about declaring
647,3,Waiting for Spring break be like
648,2,professors are going ham
649,4,Galatians 4:16
650,4,"Can I get a wholesome ""Go Bears!""?"
651,2,Y‚Äôall don‚Äôt know how to act
652,1,F
653,3,the bathrooms at croads are really at the peak of innovation
654,3,I'm supposed to be studying for my finals but I am drunk instead
655,1,RRR WEEK HAS BEGUN!!!!!!!!
656,3,go bears
657,4,Soda Hall walkway symmetry
658,2,Got fucked by *insert class* final [Post template]
659,5,Happy Diwali to my Fellow Bears!
660,4,Clearer skies ahead
661,3,Indian tutorial videos are still supreme though
662,2,DO NOT ENGAGE WITH RANDOM PEOPLE WHO ARE ASKING YOU QUESTIONS
663,6,Berkeley student Hari Srinivasan‚Äôs story shared in President Obama‚Äôs IG.
664,2,Don‚Äôt get caught lackin‚Äô
665,6,Spotted on the University exit towards Berkeley.
666,3,when you get a B- back in a breadth you thought would be easy
667,5,Finals week is over!
668,4,"University Of California, Zoom"
669,7,Sunset on Bancroft
670,6,Vaccines go to Stanford. Stay-at-home administrators get them before frontline healthcare workers
671,3,Press at 3 am
672,4,Foothill Has Fallen
673,2,I finally confessed my who my long time crush was to my roommate and then he goes and asks her out. Fuck cs 70 and fuck him
674,1,Fr like?? ü§®ü§®ü§®
675,5,I heard we're doing minimalism?
676,3,"Berkeley, you‚Äôre gorgeous üíô"
677,6,The view from the terrace outside Etcheverry
678,3,"goodbye Berkeley... you terrible, wonderful place"
679,3,"Cal is so stunning!‚ú® Just look at the beautiful rays of sun shining through the leaves of these tall, strong treesüå± Have an awesome weekend everyone! All of you who took your finals this week: You did a great job!üéâ Wish you the bestüå∏"
680,5,Black at Berkeley
681,3,ASUC Senate meeting got cancelled 10 minutes in...
682,3,Overseen in soda basement
683,2,Berkeley Going ONlINE
684,2,my cat got out :(
685,5,Happy New Year!
686,6,Dr. Anthony Fauci for consideration as Commencement Spring 2021 speaker (petition)
687,6,Cal Fiji mocking victims of sexual assault as they protest in front of their frat.
688,2,Since we are posting sunsets‚Ä¶shattuck today ü•∫
689,3,CAL BEATS COLORADO 26-3
690,2,bears vs ags 2: this time it‚Äôs personal
691,4,Not really sure how to feel
692,6,All UC Berkeley employees - including student employees - are eligible to be vaccinated under state guidelines
693,4,I found a spider in my dorm! Is it venomous?
694,7,"The Campanile and Mt. Tamalpais from Memorial Stadium at sunset, 2006, University of California, Berkeley (by Tristan Harward) [2,448 x 3,264]"
695,6,Today I got to go to the top of the tallest building in Berkeley.
696,4,PSA to UCB students from the UC UCM community
697,6,"TIL about Bill Lester, a Berkeley EECS grad who decided he wanted to focus on car racing while working at HP. He became one of the most successful African-American NASCAR drivers of all time."
698,4,Hi so who else feels extremely overloaded/burnt out?
699,5,Cal defeats #14 Washington 20-19. Go Bears!
700,7,Robert Reich lecturing on the steps outside of Wheeler due to the power outage.
701,3,The One True Josh
702,7,Nick Weaver on UCOP's Data Breach Notifications
703,4,One nice thing about remote learning
704,5,BART officially running from San Jose
705,5,Actual reply from a housing application around here.
706,3,Help identify the Creep putting cameras in bathrooms. - UCPD
707,6,"UC Berkeley Police using ""civil forfeiture"" to steal a hot dog vendor's money"
708,5,Maintaining Civility & Respect During the Recall
709,4,Hope you all are ready
710,3,My HS grad cap :)
711,5,Duality of Confessions
712,4,Discipline for gathering
713,4,Carol Christ doesn‚Äôt want you to know this but the crayfish on campus are free
714,3,social distancing is an ethical obligation at this point
715,3,With all the online midterms now
716,5,Go Bears!
717,4,What a beautiful cloudy day
718,4,And he‚Äôs wearing a Cal hoodie
719,3,We win! We win! We win! Men‚Äôs Water Polo NCAA Champs!! 13-12 v USC
720,4,Strawberry Creek! I love how verdant our campus is :)
721,2,"This is why you should choose Cal - have fun chilling for another 2 WEEKS, Bears :)"
722,5,"Lost kitten! Responds to ""Tofu,"" last seen on Regent & Dwight"
723,5,"Every time I wake up in the morning, the only thing I wanna do is skip thru the day and end up back in bed."
724,2,#SaveBerkeleyTime
725,5,Your Pac-12 Kings of the North for the past two weeks.
726,4,Good Luck on Finals!
727,4,Go Bears
728,5,"As the parent of a Cal student, am I entitled to say Go Bears?"
729,3,Didn‚Äôt get an housing offer gang
730,3,Did you know that the entire Golden Bear Cafe is verified to be only 341 calories? I‚Äôll start with the door who‚Äôs joining
731,5,Let's have an honest discussion about Berkeley's student culture.
732,4,Remember this feeling
733,6,"Original plan for UC Berkeley's Central Glade, 1914"
734,3,Behind in a class? Here‚Äôs MY strategy:
735,3,new cs policy in a nutshell
736,1,GET READY FOR FAT BEAR WEEK Y'ALL
737,6,"Congrats, you did it."
738,6,CalDining needs to change.
739,3,this semester is crazy
740,2,Hmmmm
741,2,"Respectfully, fuck EECS 16B"
742,6,"Lakireddy Bali Reddy, Berkeley landlord convicted of sex trafficking, dead at 84"
743,3,my eyes hurt
744,6,Professors need to respect the 5-day school week.
745,4,Everyone needs PPE in times like this
746,7,"I am Carol Christ, chancellor of UC Berkeley. Ask me anything!"
747,2,please put on deodorant oh my god
748,3,I don‚Äôt wanna study anymore
749,2,"Berkeley's data server was hacked :c My identity was stolen, lost over $13,000 so far. PLS TAKE THIS SERIOUSLY! sign up for identity theft protection ASAP"
750,2,"I'm beginning to feel like a graph god, graph god"
751,3,Unpopular opinion: why you‚Äôre not in EECS
752,4,Go bears!
753,4,How weird is it to share a bed with roommate?
754,2,CHOOSE CHUNK FOR FAT BEAR WEEK TODAY
755,4,I'm so excited to be a CS major
756,2,CNR P/NP!!!
757,3,The highlight of my day is the cashier at GBC who calls me sweetie
758,2,Spotted a handsome boi outside Sproul (IG: @uc.barkeley)
759,6,"Cherry blossoms in full bloom on University Drive, near VLSB. [OC]"
760,7,Action Plan for Recall of Senator Gabbi Sharp
761,7,Sather Tower (2017)
762,2,calcentral...
763,4,This pandemic has shown me who people really are
764,6,"Transfer admits: you belong at Berkeley, and you‚Äôll do great things. (See comments)"
765,6,Welcome new admits! Here is some advice to know before coming to Cal.
766,5,Flags next to Memorial Glade for 9-11. Never Forget.
767,2,WHO SAYS EVANS HALL IS UGLY
768,4,What time is it Campanile?
769,4,I think it is time we do another AMA with Chancellor Carol Christ
770,3,RIP to one of the real ones
771,3,Idk which club it was that did that but you've changed the way I look at Berkeley libraries forever
772,2,You‚Äôre beautiful ü§©üíô
773,7,‚ÄòShe was a phenomenal human‚Äô: UC Berkeley student Zo√´ Rogers dies at age 19
774,2,Missing Berkeley üò¢
775,3,Good Luck!!
776,6,Chancellor Carol Christ Speaking at Minecraft Commencement + EDM Show After
777,3,prof swupnil sahai featured as the developer spotlight on the front page of the app store!
778,4,Nothing satisfying like a Gradescope submission
779,3,a beauty -valley life sciences building
780,2,Jack-O(ski)-Lantern üéÉ
781,4,The piano outside MLK looks really nice
782,4,"You can't just minimize the logo, you also gotta minimize the name!"
783,2,"Anyone going to final review sessions and think ""Oh I'm so fucked""?"
784,3,Budget deficit is gone! Go Bears üêª
785,4,To anyone lonely: Please hangout with me and my friends!
786,4,CS 61A memories:
787,7,Kennedy at Berkeley's University House (1962)
788,5,"""Nobody post in this online, I don't want to become a meme."" -Professor Zook"
789,6,Please be mindful of others walking on the sidewalks and stop blocking the entire path by walking shoulder-to-shoulder in groups
790,1,Which one of you hoe as mfs leaked posted the econ 100a quizzes online
791,2,"whatever may be going on, we can all take solace in the fact that no amount of webcasts will teach stanfurd students pre-algebra"
792,6,Face covering requirements change Feb. 28
793,1,gorilla is on campus ü¶ç
794,5,To my class of ‚Äò24
795,2,Spring Break üòé
796,1,1 year anniversary of remote instruction.
797,3,BEARS IN PENNSYLVANIA ‚Äî MISSING CAL STUDENT
798,6,"To the person who lost their best friend on October 8, 2019"
799,4,Sometimes I forget Berkeley is one of the most prestigious universities in the world!!
800,4,Another morning from the top of Evans
801,4,I love the academics here
802,2,no bc how dare student clubs have interviews with DRESS CODES
803,5,Why can‚Äôt we just have affordable housing around campus
804,1,ü•∞ü•≥üòöüòÅü§©üòã
805,4,My procrastination at its best
806,4,For my fellow struggling bears
807,3,GO BEARS!
808,5,Who's coming for my title after 6 months of quarantine?
809,4,From NYTimes
810,7,The 5-4 US Supreme Court Decision that upheld DACA is named Department of Homeland Security v. Regents of the University of California
811,3,Here‚Äôs my contribution. GO BEARS! GO CAL!
812,3,In person instruction yet‚Ä¶
813,4,Sick girl drank the entire cough syrup bottle during CS61a final
814,4,I regret moving back home with my parents to save money
815,4,Shamelessly stolen from the UNC sub
816,2,Finally some good fucking news
817,5,Seen in downtown Berkeley -- RBG reminding us to vote.
818,3,Climbed the Big C with Fam at 102 deg. Welcome to Berkeley!
819,6,CSUs will offer Fall 2020 classes online only.
820,4,Dead Week Just Ended!
821,5,"The Campanile and the lunar eclipse a couple of years ago. Happy New Years, bears!"
822,4,Most per square mile in the continental US
823,4,A Golden Bear in the wild
824,2,So you guys are actually serious about this UCB stuff??? I thought it was just a meme
825,3,Had 2 finals today. Got a 100%. Combined.
826,1,"woke up to this...not like I've already sold my furniture, put down a deposit, and registered for classes. fucccc off Gary I'm taking my talents to the Bay"
827,2,DONE!!!!!
828,4,When you realize
829,3,The Amazonification of Berkeley and it's parks.
830,3,lost tortoise in Northside! please keep an eye out
831,4,How I‚Äôve felt during this UCB debacle
832,7,A Berkeley resident has tested positive for COVID-19.
833,2,petition to add these across campus pls
834,4,Dead Week Just Ended!
835,7,"I'm UC Berkeley's chancellor, Carol Christ. Ask me anything!"
836,6,"I work in a chemistry lab here as a grad student. Today, it was raining inside onto chemicals that can violently react with water and our many electrical outlets. Buildings literally have one job, and this is every time it rains. #1 public institution."
837,4,ASUC Senator Gabbi Sharp is a racist
838,4,Good luck
839,7,The Plague by Albert Camus (1947)
840,4,I don‚Äôt know who needs to hear this but
841,7,Bookshop on Telegraph
842,3,Lower Sproul at 11 PM be like
843,4,Sather tower with eclipse this morning
844,4,"What a terrible thing to say, even if it‚Äôs a joke. Gabbi supporters are unhinged"
845,4,Berkeley is Humbling
846,1,WHO TF IS EVAN HALL AND WHY DOES EVERYONE SAY THEYRE UGLY
847,1,i want in on the oski chan / stanford ship memes ü•∫üëâüèªüëàüèª
848,5,"Evening Spring walks in Berkeley, California"
849,3,"Why You Should NOT Join DSP/Rho, BAP, AKPsi, PSE, and/or Theta Tau"
850,2,Ahhh... so magnificent‚ú® Have a great weekend my fellow golden bearsüíõ You are amazing! I wish you a joyous weekend with great productivity. Go bearsüåü
851,4,It is inappropriate to talk during lecture
852,2,"He literally sacrificed himself for all of us, and we shat on him :("
853,4,"It‚Äôs like we‚Äôre living in the Harry Potter series, here at Berkeley‚Äî"
854,3,**UPDATE** I received this message from a time-traveling EECS student
855,6,"Always remember, just by taking the first step you have learned something new no matter what grade you get."
856,4,Before and After: Cal freshmen edition
857,4,Missed Connection
858,3,Y‚Äôall think we‚Äôre gonna be remote for longer?
859,4,PSA: You need to stop comparing yourself to others
860,2,why can‚Äôt freshmen understand the sequestering period and COVID-19? [RANT]
861,3,I got in!!
862,4,California students on college apps
863,4,Made a friend today
864,3,Least sexy college mascot in America? I beg to differ
865,7,Berkeley
866,3,Now taking applications for girlfriend decal
867,3,I want to have PNP
868,7,VIDEO: Man fired after blocking UC Berkeley graduate Michael Barajas from entering his own apartment building
869,7,What happened to the serious concern of COVID-19?
870,3,In the spirit of a triple finals... @61A...
871,2,ouch
872,7,Nick Weaver's COVID analysis: Good News
873,5,"Doing more Cal postcard requests, comment below if you're interested!"
874,5,Berkeley‚Äòs plan to replace the seismically-unsafe Evans with two new buildings!
875,3,So I asked my professor if he could make course captures available..
876,4,I just stepped on a dead rat today
877,3,imagine going to the gym we pay for
878,7,Someone please educate me on the logic behind protecting People's Park.
879,4,I think Tinder has peaked...
880,3,When you spot the kid who always had their zoom cam turned on in person
881,4,Campanile at night
882,5,Niki-UC Berkeley student shows how to Catch Up in Double Jeopardy
883,4,Go make friends
884,4,Berkeley needs to give the whole Thanksgiving week off
885,4,A positive side of Piazza
886,3,Can't fade
887,2,3 Parties for the last 3 days Southside.... Berkeley students not taking corona seriously
888,7,"Help Find Justice for Seth Smith, a UC Berkeley student, who lost his life on June 15th, while out for an evening walk in Berkeley. His murderer is still out there. There‚Äôs been no news from Berkeley Police and no more discussion from UC Berkeley."
889,2,I <3 Berkeley. Miss you all.
890,4,My first try at embroidering Oski
891,6,Anyone else get sad during their trips back home?
892,4,Clubs
893,1,7B üçøüëÄ
894,3,physics 7a final depression
895,6,Found on Discord
896,5,Waitlisted
897,4,Where every Cal student has gotten their family Christmas presents when they don‚Äôt know what else to get
898,3,seen on oxford & university
899,4,Textures on campus
900,3,the might of Wheeler
901,2,Eveydamntime
902,1,I fucking love Berkeley lmao
903,5,Official call for mayor Jesse Arreguin to step down.
904,3,"""My spring break is gonna be so fun"""
905,3,Amogus saves our oceans
906,7,This is what UCSB‚Äôs new suite dorms will look like.
907,5,Here‚Äôs a picture I took recently of the Campanile!
908,5,My friend wrote a song about Berkeley and I made a short animation for it (Coffee & Weed by Westpark)
909,2,UWU!! Are you mathematically mature?
910,1,PLeAsE bE mOrE cOnSiDeRaTe
911,2,So much fog :o
912,5,Carol Christ vs PG&E
913,7,Protesters at Milo event in UC Berkeley proved to the nation tonight who is hateful and violent. The hypocrisy is beyond reproach.
914,4,5 more years! Bear for life.
915,2,wtf happened here???
916,4,Looking for Info
917,3,Campanile in Autumn! Missing those weird whomping willow trees...
918,4,Best places to cry on campus
919,3,Amazing Dusk Setting Over Berkeley! GO BEARS!!
920,2,To the girl singing in MainStacks could you please shut up
921,2,"This place is often hell for many of us at times, but at least it‚Äôs pretty üòà üòç"
922,2,who did this :0
923,3,Me during the semester
924,7,"""A More or Less Accurate Map of the Berkeley Campus, University of California, Devised for California Monthly, in This Year of the Golden Gate International Exposition, 1939... Showing, in Some Measure, the Pursuits, Life, History, and Habits of the Campus"""
925,4,Dear Oski bear I saw across campus today
926,3,sometimes i miss berkeley (artpiece circa 2016)
927,7,Revisiting Campus as Alumni
928,4,Does anyone know whether fall 2046 is going to be online?
929,2,highkey missing days like these on Sproul right about now ‚òπÔ∏é
930,3,How can people be so stupid at Berkeley
931,4,Blasphemous
932,5,Cal Football moves up to #15 ranked in the country!
933,3,finally got around to studying for finals
934,5,What‚Äôs with these kids at Cal?
935,7,"September 17, 2001 - 12,000 Berkeley students, faculty, and staff gather to honor the victims of September 11th. We‚Äôll never forget."
936,5,I love Berkeley WarnMe's!
937,4,I made a startling connection today . . .
938,3,I made some Oski stickers üêª
939,1,Im finna cry cuzz
940,1,Welp
941,3,PSA to admitted freshman: ignore the trolls and get some real perspective
942,7,My Experience at Foothill After One Day
943,1,pete davidson is bear territory üëÅüëÑüëÅ
944,3,The man the myth the legend
945,5,"Hasan Minhaj's advice to UCSC amid grad student firings: ""transfer to Berkeley"""
946,5,"Trained an AI to generate r/berkeley posts - got output like ""Anyone else feel depression around Berkeley?"" and ""How to get into CS 61A and CS 61B and CS 189?"""
947,4,Memorial Glade?
948,5,Strawberry Creek was showing off today
949,4,"Personal Thoughts on Fall: In person, International, etc..."
950,5,Freshman year I tried making an infographic on the buildings on campus at Berkeley. Hope you guys find it interesting!
951,3,Berkeley is freaking AMAZING!
952,7,UC Davis Student Government Passes New Resolution
953,6,Nobel Laureate bicycle parking sign outside Moffitt
954,4,Drains the life out of you
955,4,It's all starting to make sense now...
956,4,An older student‚Äôs thoughts on college during the pandemic
957,6,Feds slap UC Berkeley with $2.35 million fine for failing to disclose campus crimes properly
958,3,a doe outside doe library
959,4,Berkeley before & after the wildfires ...
960,4,"Now homeless, don't know what to do"
961,3,24 hour library hours are coming back!!!
962,6,Cal Alum David Julius (Ph.D. ‚Äò84) wins the 2021 Nobel Prize in Physiology or Medicine!
963,3,[Update to the guitar story]
964,7,"Indian Rock Park in North Berkeley June 11, 2021"
965,4,Milo comes full circle (explanation in the comments)
966,3,midterm scores out
967,4,Forgot To Record CS70 Exam Tonight.
968,3,Take me back :(
969,3,Why I don‚Äôt want a fully remote semester :)
970,2,hilfinger
971,3,"Lived in Boston and have always admired jaylen brown, but so proud of this cal bear. This is what makes our University great"
972,3,TIL the first level of Tony Hawk's Pro Skater 4 is based on our campus
973,2,A real life incel enters the chat
974,5,For the first time here at Cal I actually got a passing grade on a midterm
975,5,Readmitted after Dismissal; Reaching Out
976,4,Not ready for another week
977,3,am i the only one who just doesn‚Äôt do anything for class anymore (or the bare minimum)
978,6,Guy tears down Hong Kong humanitarian fliers.
979,2,Anyone else find it fucking impossible to focus on school rn?
980,4,Good luck in the new semester everyone!! Go Bears!
981,4,Petition to increment final grades by 10% for every day they are not uploaded by the deadline
982,3,it's happened to all of us
983,2,Call Those Cummy Nut Cheerios
984,5,Berkeley students having an intellectual discussion with each other
985,4,A certain senator is trying to pull a Donald Trump if removed from office
986,3,feeling nostalgic
987,2,Haha
988,3,ever feel so overwhelmed that you want to throw up? :)
989,4,Good job guys we had a good run
990,6,Unpopular Opinion: Some of you really do seem to care too much about rankings.
991,6,The Berkeley campus captured by Ansel Adams (1966)
992,5,"While this isn‚Äôt at Cal, I wouldn‚Äôt put it past some professors"
993,3,Berkeley boys changing the world!!!
994,3,housemate is sleeping with CS61B autograder for better grades
995,3,just got leaked from nintendo
996,5,Posting this for the guy who said his relationship was ruined because of this scam. I just got the same text.
997,5,‚ÄúI said what the fuck I said.‚Äù Is this really an appropriate response from an ASUC senator to student comments in an official meeting?
998,3,Online school got me like
999,6,US News Ranks Berkeley Tied for #1 for best Computer Science School in the nation